ticker,session_end_date,window_start_ns,open,high,low,close,transactions,volume,dollar_volume,status_note
NQZ6,2026-09-28,1790467200000000000,30870,30920.75,30356.75,30568.75,363481,500472,15314516753.5,session_aggregate_provisional_no_settlement_or_oi_field
MNQZ6,2026-09-28,1790467200000000000,30871.5,30920.75,30356.5,30569,1164536,2343241,71734437711.75,session_aggregate_provisional_no_settlement_or_oi_field
ESZ6,2026-09-28,1790467200000000000,7796,7803,7726,7756.25,355435,1137987,8829842168.25,session_aggregate_provisional_no_settlement_or_oi_field
MESZ6,2026-09-28,1790467200000000000,7795.75,7803.25,7726,7757.25,296351,901889,6998947302,session_aggregate_provisional_no_settlement_or_oi_field
YMZ6,2026-09-28,1790467200000000000,52140,52153,51744,51931,42943,58465,3034726219,session_aggregate_provisional_no_settlement_or_oi_field
MYMZ6,2026-09-28,1790467200000000000,52141,52154,51743,52055,60009,106134,5508945651,session_aggregate_provisional_no_settlement_or_oi_field
RTYZ6,2026-09-28,1790467200000000000,2857.7,2858.8,2826.8,2851.1,72468,127582,362386009.7,session_aggregate_provisional_no_settlement_or_oi_field
M2KZ6,2026-09-28,1790467200000000000,2859.3,2859.3,2826.8,2851.2,42114,92140,261787951.4,session_aggregate_provisional_no_settlement_or_oi_field
GCZ6,2026-09-28,1790467200000000000,4315,4315.6,4143.1,4171.9,129885,185643,779087890.9,session_aggregate_provisional_no_settlement_or_oi_field
MGCZ6,2026-09-28,1790467200000000000,4315,4320,4143,4172,213934,373133,1568553115.4,session_aggregate_provisional_no_settlement_or_oi_field
