ticker,session_end_date,open,high,low,close,transactions,volume,dollar_volume,settlement_price
NQZ6,2026-09-25,30726.5,30999.5,30679,30921.75,384359,534379,16483937908.75,30889.25
MNQZ6,2026-09-25,30731,30998.5,30680,30922.5,1208463,2486225,76675396217.75,30889.25
ESZ6,2026-09-25,7759,7814.75,7748.5,7805.75,455563,1566409,12199299094.25,7803.75
MESZ6,2026-09-25,7759.5,7814.75,7747.75,7806.25,352418,1114860,8678756290.25,7803.75
YMZ6,2026-09-25,51655,52223,51610,52180,52262,75050,3898337054,52163
MYMZ6,2026-09-25,51667,52223,51613,52181,67466,124017,6440182787,52163
RTYZ6,2026-09-25,2854.4,2874.1,2843,2859.9,91390,171638,490771056.3,2859.3
M2KZ6,2026-09-25,2854.2,2874,2843.1,2859.5,40138,75633,216244439.2,2859.3
GCZ6,2026-09-25,4309.5,4351.6,4289.2,4320.5,87113,121016,522734122.4,4321.2
MGCZ6,2026-09-25,4310,4351.6,4289.1,4320.6,169682,291160,1257484718.6,4321.2
