symbol,provider_datetime,open,high,low,close,volume
QQQ,2026-09-28 12:41:00,738,738.1,737.65,737.65,467
QQQ,2026-09-28 12:40:00,738.315,738.44,738.09,738.13,2533
QQQ,2026-09-28 12:39:00,738.33,738.34,738.16,738.23,2204
QQQ,2026-09-28 12:38:00,738.97,738.97,738.325,738.34,413
QQQ,2026-09-28 12:37:00,739.16,739.16,738.81,738.965,503
QQQ,2026-09-28 12:36:00,738.81,739.15,738.81,739.08,1461
QQQ,2026-09-28 12:35:00,738.86,738.965,738.74,738.865,3611
QQQ,2026-09-28 12:34:00,738.515,738.85,738.515,738.755,1523
QQQ,2026-09-28 12:33:00,738.17,738.62,738.1,738.485,2991
QQQ,2026-09-28 12:32:00,739.05,739.1,738.05,738.135,8861
QQQ,2026-09-28 12:31:00,738.93,739.18,738.93,739.07,2356
QQQ,2026-09-28 12:30:00,739.32,739.49,738.84,739.06,5046
QQQ,2026-09-28 12:29:00,739.64,740.005,739.27,739.425,1840
QQQ,2026-09-28 12:28:00,740,740.33,739.605,739.685,5171
QQQ,2026-09-28 12:27:00,739.87,740.355,739.71,740.04,5466
QQQ,2026-09-28 12:26:00,738.64,740.15,738.64,740.06,6874
QQQ,2026-09-28 12:25:00,738.27,738.72,738.195,738.72,5682
QQQ,2026-09-28 12:24:00,737.94,738.47,737.865,738.17,5319
QQQ,2026-09-28 12:23:00,737.91,738.08,737.57,738.075,4920
QQQ,2026-09-28 12:22:00,737.84,738.14,737.84,737.97,7029
QQQ,2026-09-28 12:21:00,737.7,738.08,737.685,737.845,6990
QQQ,2026-09-28 12:20:00,736.85,737.89,736.75,737.69,8066
QQQ,2026-09-28 12:19:00,736.67,736.84,736.36,736.84,2533
QQQ,2026-09-28 12:18:00,736.765,737.02,736.705,736.71,4190
QQQ,2026-09-28 12:17:00,736.78,737.22,736.55,736.745,5684
QQQ,2026-09-28 12:16:00,735.7,737,735.47,736.855,14481
QQQ,2026-09-28 12:15:00,735.455,735.63,735.39,735.555,496
QQQ,2026-09-28 12:14:00,735.42,735.48,735.39,735.48,1497
QQQ,2026-09-28 12:13:00,735.385,735.405,735.32,735.405,341
QQQ,2026-09-28 12:12:00,735.725,735.745,735.375,735.525,405
SPY,2026-09-28 12:41:00,767.3,767.34,767.05,767.095,3355
SPY,2026-09-28 12:40:00,767.515,767.665,767.26,767.32,2024
SPY,2026-09-28 12:39:00,767.42,767.55,767.375,767.46,1541
SPY,2026-09-28 12:38:00,767.99,768,767.43,767.48,2666
SPY,2026-09-28 12:37:00,768.1,768.1,767.88,768.08,3447
SPY,2026-09-28 12:36:00,767.84,768.15,767.84,768.125,7420
SPY,2026-09-28 12:35:00,767.85,767.94,767.755,767.85,4163
SPY,2026-09-28 12:34:00,767.68,767.98,767.68,767.825,5289
SPY,2026-09-28 12:33:00,767.565,767.845,767.44,767.775,8828
SPY,2026-09-28 12:32:00,768.23,768.24,767.55,767.58,11710
SPY,2026-09-28 12:31:00,768.19,768.38,768.12,768.24,5005
SPY,2026-09-28 12:30:00,768.635,768.72,768.15,768.24,6323
SPY,2026-09-28 12:29:00,768.9,769.11,768.565,768.7,5595
SPY,2026-09-28 12:28:00,769.05,769.32,768.785,768.89,5631
SPY,2026-09-28 12:27:00,769.06,769.535,768.87,769.1,11696
SPY,2026-09-28 12:26:00,768.17,769.3,768.13,769.12,17482
SPY,2026-09-28 12:25:00,767.84,768.22,767.78,768.2,4682
SPY,2026-09-28 12:24:00,767.4,767.95,767.39,767.71,7059
SPY,2026-09-28 12:23:00,767.335,767.51,767.065,767.37,3879
SPY,2026-09-28 12:22:00,767.42,767.58,767.32,767.43,13132
SPY,2026-09-28 12:21:00,767.435,767.57,767.28,767.4,9228
SPY,2026-09-28 12:20:00,766.48,767.515,766.405,767.5,7904
SPY,2026-09-28 12:19:00,766.4,766.55,766.185,766.55,2927
SPY,2026-09-28 12:18:00,766.455,766.78,766.41,766.48,3709
SPY,2026-09-28 12:17:00,766.495,766.87,766.31,766.43,6397
SPY,2026-09-28 12:16:00,765.59,766.59,765.35,766.545,12192
SPY,2026-09-28 12:15:00,765.39,765.52,765.38,765.52,738
SPY,2026-09-28 12:14:00,765.38,765.4,765.35,765.39,1561
SPY,2026-09-28 12:13:00,765.38,765.385,765.32,765.35,288
SPY,2026-09-28 12:12:00,765.595,765.64,765.35,765.44,1762
DIA,2026-09-28 12:41:00,515.09,515.09,515.09,515.09,40
DIA,2026-09-28 12:40:00,515.03,515.03,515.03,515.03,74
DIA,2026-09-28 12:37:00,515.45,515.45,515.45,515.45,20
DIA,2026-09-28 12:36:00,515.52,515.555,515.51,515.555,360
DIA,2026-09-28 12:35:00,515.42,515.43,515.42,515.43,79
DIA,2026-09-28 12:34:00,515.52,515.52,515.415,515.415,200
DIA,2026-09-28 12:33:00,515.47,515.55,515.47,515.48,737
DIA,2026-09-28 12:32:00,515.805,515.875,515.49,515.495,1256
DIA,2026-09-28 12:31:00,515.935,515.935,515.87,515.87,261
DIA,2026-09-28 12:30:00,515.97,515.97,515.97,515.97,5
DIA,2026-09-28 12:29:00,516.48,516.48,516.195,516.205,745
DIA,2026-09-28 12:28:00,516.23,516.38,516.225,516.38,428
DIA,2026-09-28 12:27:00,516.49,516.49,516.27,516.36,281
DIA,2026-09-28 12:26:00,515.64,516.4,515.64,516.4,875
DIA,2026-09-28 12:25:00,515.49,515.49,515.38,515.38,180
DIA,2026-09-28 12:24:00,515.25,515.465,515.2,515.465,211
DIA,2026-09-28 12:23:00,514.91,515.04,514.91,515.04,500
DIA,2026-09-28 12:22:00,515.24,515.24,515.12,515.12,425
DIA,2026-09-28 12:21:00,515.34,515.39,515.23,515.23,252
DIA,2026-09-28 12:20:00,514.69,515.1,514.69,515.1,390
DIA,2026-09-28 12:19:00,514.42,514.58,514.42,514.58,447
DIA,2026-09-28 12:18:00,514.74,514.85,514.73,514.76,240
DIA,2026-09-28 12:17:00,514.65,514.66,514.65,514.66,69
DIA,2026-09-28 12:16:00,514.01,514.72,513.96,514.72,1913
DIA,2026-09-28 12:12:00,514.19,514.19,514.07,514.07,178
DIA,2026-09-28 12:11:00,514.195,514.195,514.185,514.19,142
DIA,2026-09-28 12:10:00,514.28,514.365,514.27,514.365,255
DIA,2026-09-28 12:09:00,514.26,514.26,514.26,514.26,4
DIA,2026-09-28 12:08:00,514.27,514.27,514.27,514.27,10
DIA,2026-09-28 12:07:00,514.12,514.12,514.1,514.11,128
